024-0001,Active,2024-05-23,50,"Client was contacted on April 1st for renewal, response pending."
024-0002,Active,2024-06-15,78,"Reminder email sent to client regarding upcoming expiry."
024-0003,Active,2024-07-02,95,"Contract reviewed and approved by legal team."
024-0004,Active,2024-08-19,143,"Client informed about the need for updated insurance documents."
024-0005,Active,2024-09-07,161,"Contract negotiation meeting scheduled for next week."
024-0006,Active,2024-10-25,209,"Client requested extension; under review."
024-0007,Active,2024-11-11,226,"Contract performance metrics meeting scheduled."
024-0008,Active,2024-12-28,274,"Internal audit completed; no issues found."
024-0009,Active,2025-01-15,292,"Client requested minor amendments to contract terms."
024-0010,Active,2025-02-02,309,"Annual review meeting scheduled with client."
024-0011,Active,2025-03-20,356,"Contract performance evaluation completed."
024-0012,Active,2024-06-15,78,"Reminder email sent to client regarding upcoming expiry."
024-0013,Active,2024-07-02,95,"Contract reviewed and approved by legal team."
024-0014,Active,2024-08-19,143,"Client informed about the need for updated insurance documents."
024-0015,Active,2024-09-07,161,"Contract negotiation meeting scheduled for next week."
024-0016,Active,2024-10-25,209,"Client requested extension; under review."
